DATAFLOW,REF_AREA:Geographic area,INDICATOR:Indicator,SEX:Sex,TIME_PERIOD:Time period,OBS_VALUE:Observation Value,UNIT_MULTIPLIER:Unit multiplier,UNIT_MEASURE:Unit of measure,OBS_STATUS:Observation Status,OBS_CONF:Observation confidentaility,LOWER_BOUND:Lower Bound,UPPER_BOUND:Upper Bound,WGTD_SAMPL_SIZE:Weighted Sample Size,OBS_FOOTNOTE:Observation footnote,SERIES_FOOTNOTE:Series footnote,DATA_SOURCE:Data Source,SOURCE_LINK:Citation of or link to the data source,CUSTODIAN:Custodian,TIME_PERIOD_METHOD:Time period activity related to when the data are collected,REF_PERIOD:Reference Period,COVERAGE_TIME:The period of time for which data are provided,AGE:Current age
UNICEF:GLOBAL_DATAFLOW(1.0): Cross-sector indicators,PNG: Papua New Guinea,DM_POP_TOT: Total population,F: Female,1970,1170.454,3: Thousands,PS: Persons,E: Estimated value,,,,,,"Data from 236 countries/areas with population more than 1K from WPP2022, countries/areas less than 1K population is not shown but calculated when aggregated.","United Nations, Department of Economic and Social Affairs, Population Division (2022). World Population Prospects 2022, Online Edition.",https://population.un.org/wpp/,,,,,_T: Total
UNICEF:GLOBAL_DATAFLOW(1.0): Cross-sector indicators,PNG: Papua New Guinea,DM_POP_TOT: Total population,F: Female,1971,1198.555,3: Thousands,PS: Persons,E: Estimated value,,,,,,"Data from 236 countries/areas with population more than 1K from WPP2022, countries/areas less than 1K population is not shown but calculated when aggregated.","United Nations, Department of Economic and Social Affairs, Population Division (2022). World Population Prospects 2022, Online Edition.",https://population.un.org/wpp/,,,,,_T: Total
UNICEF:GLOBAL_DATAFLOW(1.0): Cross-sector indicators,PNG: Papua New Guinea,DM_POP_TOT: Total population,F: Female,1972,1227.552,3: Thousands,PS: Persons,E: Estimated value,,,,,,"Data from 236 countries/areas with population more than 1K from WPP2022, countries/areas less than 1K population is not shown but calculated when aggregated.","United Nations, Department of Economic and Social Affairs, Population Division (2022). World Population Prospects 2022, Online Edition.",https://population.un.org/wpp/,,,,,_T: Total
UNICEF:GLOBAL_DATAFLOW(1.0): Cross-sector indicators,PNG: Papua New Guinea,DM_POP_TOT: Total population,F: Female,1973,1256.805,3: Thousands,PS: Persons,E: Estimated value,,,,,,"Data from 236 countries/areas with population more than 1K from WPP2022, countries/areas less than 1K population is not shown but calculated when aggregated.","United Nations, Department of Economic and Social Affairs, Population Division (2022). World Population Prospects 2022, Online Edition.",https://population.un.org/wpp/,,,,,_T: Total
UNICEF:GLOBAL_DATAFLOW(1.0): Cross-sector indicators,PNG: Papua New Guinea,DM_POP_TOT: Total population,F: Female,1974,1285.79,3: Thousands,PS: Persons,E: Estimated value,,,,,,"Data from 236 countries/areas with population more than 1K from WPP2022, countries/areas less than 1K population is not shown but calculated when aggregated.","United Nations, Department of Economic and Social Affairs, Population Division (2022). World Population Prospects 2022, Online Edition.",https://population.un.org/wpp/,,,,,_T: Total
UNICEF:GLOBAL_DATAFLOW(1.0): Cross-sector indicators,PNG: Papua New Guinea,DM_POP_TOT: Total population,F: Female,1975,1314.693,3: Thousands,PS: Persons,E: Estimated value,,,,,,"Data from 236 countries/areas with population more than 1K from WPP2022, countries/areas less than 1K population is not shown but calculated when aggregated.","United Nations, Department of Economic and Social Affairs, Population Division (2022). World Population Prospects 2022, Online Edition.",https://population.un.org/wpp/,,,,,_T: Total
UNICEF:GLOBAL_DATAFLOW(1.0): Cross-sector indicators,PNG: Papua New Guinea,DM_POP_TOT: Total population,F: Female,1976,1343.654,3: Thousands,PS: Persons,E: Estimated value,,,,,,"Data from 236 countries/areas with population more than 1K from WPP2022, countries/areas less than 1K population is not shown but calculated when aggregated.","United Nations, Department of Economic and Social Affairs, Population Division (2022). World Population Prospects 2022, Online Edition.",https://population.un.org/wpp/,,,,,_T: Total
UNICEF:GLOBAL_DATAFLOW(1.0): Cross-sector indicators,PNG: Papua New Guinea,DM_POP_TOT: Total population,F: Female,1977,1372.763,3: Thousands,PS: Persons,E: Estimated value,,,,,,"Data from 236 countries/areas with population more than 1K from WPP2022, countries/areas less than 1K population is not shown but calculated when aggregated.","United Nations, Department of Economic and Social Affairs, Population Division (2022). World Population Prospects 2022, Online Edition.",https://population.un.org/wpp/,,,,,_T: Total
UNICEF:GLOBAL_DATAFLOW(1.0): Cross-sector indicators,PNG: Papua New Guinea,DM_POP_TOT: Total population,F: Female,1978,1402.012,3: Thousands,PS: Persons,E: Estimated value,,,,,,"Data from 236 countries/areas with population more than 1K from WPP2022, countries/areas less than 1K population is not shown but calculated when aggregated.","United Nations, Department of Economic and Social Affairs, Population Division (2022). World Population Prospects 2022, Online Edition.",https://population.un.org/wpp/,,,,,_T: Total
UNICEF:GLOBAL_DATAFLOW(1.0): Cross-sector indicators,PNG: Papua New Guinea,DM_POP_TOT: Total population,F: Female,1979,1431.385,3: Thousands,PS: Persons,E: Estimated value,,,,,,"Data from 236 countries/areas with population more than 1K from WPP2022, countries/areas less than 1K population is not shown but calculated when aggregated.","United Nations, Department of Economic and Social Affairs, Population Division (2022). World Population Prospects 2022, Online Edition.",https://population.un.org/wpp/,,,,,_T: Total
UNICEF:GLOBAL_DATAFLOW(1.0): Cross-sector indicators,PNG: Papua New Guinea,DM_POP_TOT: Total population,F: Female,1980,1461.036,3: Thousands,PS: Persons,E: Estimated value,,,,,,"Data from 236 countries/areas with population more than 1K from WPP2022, countries/areas less than 1K population is not shown but calculated when aggregated.","United Nations, Department of Economic and Social Affairs, Population Division (2022). World Population Prospects 2022, Online Edition.",https://population.un.org/wpp/,,,,,_T: Total
UNICEF:GLOBAL_DATAFLOW(1.0): Cross-sector indicators,PNG: Papua New Guinea,DM_POP_TOT: Total population,F: Female,1981,1490.658,3: Thousands,PS: Persons,E: Estimated value,,,,,,"Data from 236 countries/areas with population more than 1K from WPP2022, countries/areas less than 1K population is not shown but calculated when aggregated.","United Nations, Department of Economic and Social Affairs, Population Division (2022). World Population Prospects 2022, Online Edition.",https://population.un.org/wpp/,,,,,_T: Total
UNICEF:GLOBAL_DATAFLOW(1.0): Cross-sector indicators,PNG: Papua New Guinea,DM_POP_TOT: Total population,F: Female,1982,1520.546,3: Thousands,PS: Persons,E: Estimated value,,,,,,"Data from 236 countries/areas with population more than 1K from WPP2022, countries/areas less than 1K population is not shown but calculated when aggregated.","United Nations, Department of Economic and Social Affairs, Population Division (2022). World Population Prospects 2022, Online Edition.",https://population.un.org/wpp/,,,,,_T: Total
UNICEF:GLOBAL_DATAFLOW(1.0): Cross-sector indicators,PNG: Papua New Guinea,DM_POP_TOT: Total population,F: Female,1983,1551.602,3: Thousands,PS: Persons,E: Estimated value,,,,,,"Data from 236 countries/areas with population more than 1K from WPP2022, countries/areas less than 1K population is not shown but calculated when aggregated.","United Nations, Department of Economic and Social Affairs, Population Division (2022). World Population Prospects 2022, Online Edition.",https://population.un.org/wpp/,,,,,_T: Total
UNICEF:GLOBAL_DATAFLOW(1.0): Cross-sector indicators,PNG: Papua New Guinea,DM_POP_TOT: Total population,F: Female,1984,1583.902,3: Thousands,PS: Persons,E: Estimated value,,,,,,"Data from 236 countries/areas with population more than 1K from WPP2022, countries/areas less than 1K population is not shown but calculated when aggregated.","United Nations, Department of Economic and Social Affairs, Population Division (2022). World Population Prospects 2022, Online Edition.",https://population.un.org/wpp/,,,,,_T: Total
UNICEF:GLOBAL_DATAFLOW(1.0): Cross-sector indicators,PNG: Papua New Guinea,DM_POP_TOT: Total population,F: Female,1985,1617.418,3: Thousands,PS: Persons,E: Estimated value,,,,,,"Data from 236 countries/areas with population more than 1K from WPP2022, countries/areas less than 1K population is not shown but calculated when aggregated.","United Nations, Department of Economic and Social Affairs, Population Division (2022). World Population Prospects 2022, Online Edition.",https://population.un.org/wpp/,,,,,_T: Total
UNICEF:GLOBAL_DATAFLOW(1.0): Cross-sector indicators,PNG: Papua New Guinea,DM_POP_TOT: Total population,F: Female,1986,1652.114,3: Thousands,PS: Persons,E: Estimated value,,,,,,"Data from 236 countries/areas with population more than 1K from WPP2022, countries/areas less than 1K population is not shown but calculated when aggregated.","United Nations, Department of Economic and Social Affairs, Population Division (2022). World Population Prospects 2022, Online Edition.",https://population.un.org/wpp/,,,,,_T: Total
UNICEF:GLOBAL_DATAFLOW(1.0): Cross-sector indicators,PNG: Papua New Guinea,DM_POP_TOT: Total population,F: Female,1987,1687.89,3: Thousands,PS: Persons,E: Estimated value,,,,,,"Data from 236 countries/areas with population more than 1K from WPP2022, countries/areas less than 1K population is not shown but calculated when aggregated.","United Nations, Department of Economic and Social Affairs, Population Division (2022). World Population Prospects 2022, Online Edition.",https://population.un.org/wpp/,,,,,_T: Total
UNICEF:GLOBAL_DATAFLOW(1.0): Cross-sector indicators,PNG: Papua New Guinea,DM_POP_TOT: Total population,F: Female,1988,1724.564,3: Thousands,PS: Persons,E: Estimated value,,,,,,"Data from 236 countries/areas with population more than 1K from WPP2022, countries/areas less than 1K population is not shown but calculated when aggregated.","United Nations, Department of Economic and Social Affairs, Population Division (2022). World Population Prospects 2022, Online Edition.",https://population.un.org/wpp/,,,,,_T: Total
UNICEF:GLOBAL_DATAFLOW(1.0): Cross-sector indicators,PNG: Papua New Guinea,DM_POP_TOT: Total population,F: Female,1989,1764.213,3: Thousands,PS: Persons,E: Estimated value,,,,,,"Data from 236 countries/areas with population more than 1K from WPP2022, countries/areas less than 1K population is not shown but calculated when aggregated.","United Nations, Department of Economic and Social Affairs, Population Division (2022). World Population Prospects 2022, Online Edition.",https://population.un.org/wpp/,,,,,_T: Total
UNICEF:GLOBAL_DATAFLOW(1.0): Cross-sector indicators,PNG: Papua New Guinea,DM_POP_TOT: Total population,F: Female,1990,1814.003,3: Thousands,PS: Persons,E: Estimated value,,,,,,"Data from 236 countries/areas with population more than 1K from WPP2022, countries/areas less than 1K population is not shown but calculated when aggregated.","United Nations, Department of Economic and Social Affairs, Population Division (2022). World Population Prospects 2022, Online Edition.",https://population.un.org/wpp/,,,,,_T: Total
UNICEF:GLOBAL_DATAFLOW(1.0): Cross-sector indicators,PNG: Papua New Guinea,DM_POP_TOT: Total population,F: Female,1991,1877.437,3: Thousands,PS: Persons,E: Estimated value,,,,,,"Data from 236 countries/areas with population more than 1K from WPP2022, countries/areas less than 1K population is not shown but calculated when aggregated.","United Nations, Department of Economic and Social Affairs, Population Division (2022). World Population Prospects 2022, Online Edition.",https://population.un.org/wpp/,,,,,_T: Total
UNICEF:GLOBAL_DATAFLOW(1.0): Cross-sector indicators,PNG: Papua New Guinea,DM_POP_TOT: Total population,F: Female,1992,1950.133,3: Thousands,PS: Persons,E: Estimated value,,,,,,"Data from 236 countries/areas with population more than 1K from WPP2022, countries/areas less than 1K population is not shown but calculated when aggregated.","United Nations, Department of Economic and Social Affairs, Population Division (2022). World Population Prospects 2022, Online Edition.",https://population.un.org/wpp/,,,,,_T: Total
UNICEF:GLOBAL_DATAFLOW(1.0): Cross-sector indicators,PNG: Papua New Guinea,DM_POP_TOT: Total population,F: Female,1993,2027.313,3: Thousands,PS: Persons,E: Estimated value,,,,,,"Data from 236 countries/areas with population more than 1K from WPP2022, countries/areas less than 1K population is not shown but calculated when aggregated.","United Nations, Department of Economic and Social Affairs, Population Division (2022). World Population Prospects 2022, Online Edition.",https://population.un.org/wpp/,,,,,_T: Total
UNICEF:GLOBAL_DATAFLOW(1.0): Cross-sector indicators,PNG: Papua New Guinea,DM_POP_TOT: Total population,F: Female,1994,2106.988,3: Thousands,PS: Persons,E: Estimated value,,,,,,"Data from 236 countries/areas with population more than 1K from WPP2022, countries/areas less than 1K population is not shown but calculated when aggregated.","United Nations, Department of Economic and Social Affairs, Population Division (2022). World Population Prospects 2022, Online Edition.",https://population.un.org/wpp/,,,,,_T: Total
UNICEF:GLOBAL_DATAFLOW(1.0): Cross-sector indicators,PNG: Papua New Guinea,DM_POP_TOT: Total population,F: Female,1995,2188.925,3: Thousands,PS: Persons,E: Estimated value,,,,,,"Data from 236 countries/areas with population more than 1K from WPP2022, countries/areas less than 1K population is not shown but calculated when aggregated.","United Nations, Department of Economic and Social Affairs, Population Division (2022). World Population Prospects 2022, Online Edition.",https://population.un.org/wpp/,,,,,_T: Total
UNICEF:GLOBAL_DATAFLOW(1.0): Cross-sector indicators,PNG: Papua New Guinea,DM_POP_TOT: Total population,F: Female,1996,2273.162,3: Thousands,PS: Persons,E: Estimated value,,,,,,"Data from 236 countries/areas with population more than 1K from WPP2022, countries/areas less than 1K population is not shown but calculated when aggregated.","United Nations, Department of Economic and Social Affairs, Population Division (2022). World Population Prospects 2022, Online Edition.",https://population.un.org/wpp/,,,,,_T: Total
UNICEF:GLOBAL_DATAFLOW(1.0): Cross-sector indicators,PNG: Papua New Guinea,DM_POP_TOT: Total population,F: Female,1997,2359.852,3: Thousands,PS: Persons,E: Estimated value,,,,,,"Data from 236 countries/areas with population more than 1K from WPP2022, countries/areas less than 1K population is not shown but calculated when aggregated.","United Nations, Department of Economic and Social Affairs, Population Division (2022). World Population Prospects 2022, Online Edition.",https://population.un.org/wpp/,,,,,_T: Total
UNICEF:GLOBAL_DATAFLOW(1.0): Cross-sector indicators,PNG: Papua New Guinea,DM_POP_TOT: Total population,F: Female,1998,2448.347,3: Thousands,PS: Persons,E: Estimated value,,,,,,"Data from 236 countries/areas with population more than 1K from WPP2022, countries/areas less than 1K population is not shown but calculated when aggregated.","United Nations, Department of Economic and Social Affairs, Population Division (2022). World Population Prospects 2022, Online Edition.",https://population.un.org/wpp/,,,,,_T: Total
UNICEF:GLOBAL_DATAFLOW(1.0): Cross-sector indicators,PNG: Papua New Guinea,DM_POP_TOT: Total population,F: Female,1999,2538.843,3: Thousands,PS: Persons,E: Estimated value,,,,,,"Data from 236 countries/areas with population more than 1K from WPP2022, countries/areas less than 1K population is not shown but calculated when aggregated.","United Nations, Department of Economic and Social Affairs, Population Division (2022). World Population Prospects 2022, Online Edition.",https://population.un.org/wpp/,,,,,_T: Total
UNICEF:GLOBAL_DATAFLOW(1.0): Cross-sector indicators,PNG: Papua New Guinea,DM_POP_TOT: Total population,F: Female,2000,2631.423,3: Thousands,PS: Persons,E: Estimated value,,,,,,"Data from 236 countries/areas with population more than 1K from WPP2022, countries/areas less than 1K population is not shown but calculated when aggregated.","United Nations, Department of Economic and Social Affairs, Population Division (2022). World Population Prospects 2022, Online Edition.",https://population.un.org/wpp/,,,,,_T: Total
UNICEF:GLOBAL_DATAFLOW(1.0): Cross-sector indicators,PNG: Papua New Guinea,DM_POP_TOT: Total population,F: Female,2001,2724.37,3: Thousands,PS: Persons,E: Estimated value,,,,,,"Data from 236 countries/areas with population more than 1K from WPP2022, countries/areas less than 1K population is not shown but calculated when aggregated.","United Nations, Department of Economic and Social Affairs, Population Division (2022). World Population Prospects 2022, Online Edition.",https://population.un.org/wpp/,,,,,_T: Total
UNICEF:GLOBAL_DATAFLOW(1.0): Cross-sector indicators,PNG: Papua New Guinea,DM_POP_TOT: Total population,F: Female,2002,2818.074,3: Thousands,PS: Persons,E: Estimated value,,,,,,"Data from 236 countries/areas with population more than 1K from WPP2022, countries/areas less than 1K population is not shown but calculated when aggregated.","United Nations, Department of Economic and Social Affairs, Population Division (2022). World Population Prospects 2022, Online Edition.",https://population.un.org/wpp/,,,,,_T: Total
UNICEF:GLOBAL_DATAFLOW(1.0): Cross-sector indicators,PNG: Papua New Guinea,DM_POP_TOT: Total population,F: Female,2003,2913.907,3: Thousands,PS: Persons,E: Estimated value,,,,,,"Data from 236 countries/areas with population more than 1K from WPP2022, countries/areas less than 1K population is not shown but calculated when aggregated.","United Nations, Department of Economic and Social Affairs, Population Division (2022). World Population Prospects 2022, Online Edition.",https://population.un.org/wpp/,,,,,_T: Total
UNICEF:GLOBAL_DATAFLOW(1.0): Cross-sector indicators,PNG: Papua New Guinea,DM_POP_TOT: Total population,F: Female,2004,3011.67,3: Thousands,PS: Persons,E: Estimated value,,,,,,"Data from 236 countries/areas with population more than 1K from WPP2022, countries/areas less than 1K population is not shown but calculated when aggregated.","United Nations, Department of Economic and Social Affairs, Population Division (2022). World Population Prospects 2022, Online Edition.",https://population.un.org/wpp/,,,,,_T: Total
UNICEF:GLOBAL_DATAFLOW(1.0): Cross-sector indicators,PNG: Papua New Guinea,DM_POP_TOT: Total population,F: Female,2005,3111.127,3: Thousands,PS: Persons,E: Estimated value,,,,,,"Data from 236 countries/areas with population more than 1K from WPP2022, countries/areas less than 1K population is not shown but calculated when aggregated.","United Nations, Department of Economic and Social Affairs, Population Division (2022). World Population Prospects 2022, Online Edition.",https://population.un.org/wpp/,,,,,_T: Total
UNICEF:GLOBAL_DATAFLOW(1.0): Cross-sector indicators,PNG: Papua New Guinea,DM_POP_TOT: Total population,F: Female,2006,3212.224,3: Thousands,PS: Persons,E: Estimated value,,,,,,"Data from 236 countries/areas with population more than 1K from WPP2022, countries/areas less than 1K population is not shown but calculated when aggregated.","United Nations, Department of Economic and Social Affairs, Population Division (2022). World Population Prospects 2022, Online Edition.",https://population.un.org/wpp/,,,,,_T: Total
UNICEF:GLOBAL_DATAFLOW(1.0): Cross-sector indicators,PNG: Papua New Guinea,DM_POP_TOT: Total population,F: Female,2007,3314.819,3: Thousands,PS: Persons,E: Estimated value,,,,,,"Data from 236 countries/areas with population more than 1K from WPP2022, countries/areas less than 1K population is not shown but calculated when aggregated.","United Nations, Department of Economic and Social Affairs, Population Division (2022). World Population Prospects 2022, Online Edition.",https://population.un.org/wpp/,,,,,_T: Total
UNICEF:GLOBAL_DATAFLOW(1.0): Cross-sector indicators,PNG: Papua New Guinea,DM_POP_TOT: Total population,F: Female,2008,3419.577,3: Thousands,PS: Persons,E: Estimated value,,,,,,"Data from 236 countries/areas with population more than 1K from WPP2022, countries/areas less than 1K population is not shown but calculated when aggregated.","United Nations, Department of Economic and Social Affairs, Population Division (2022). World Population Prospects 2022, Online Edition.",https://population.un.org/wpp/,,,,,_T: Total
UNICEF:GLOBAL_DATAFLOW(1.0): Cross-sector indicators,PNG: Papua New Guinea,DM_POP_TOT: Total population,F: Female,2009,3526.604,3: Thousands,PS: Persons,E: Estimated value,,,,,,"Data from 236 countries/areas with population more than 1K from WPP2022, countries/areas less than 1K population is not shown but calculated when aggregated.","United Nations, Department of Economic and Social Affairs, Population Division (2022). World Population Prospects 2022, Online Edition.",https://population.un.org/wpp/,,,,,_T: Total
UNICEF:GLOBAL_DATAFLOW(1.0): Cross-sector indicators,PNG: Papua New Guinea,DM_POP_TOT: Total population,F: Female,2010,3635.383,3: Thousands,PS: Persons,E: Estimated value,,,,,,"Data from 236 countries/areas with population more than 1K from WPP2022, countries/areas less than 1K population is not shown but calculated when aggregated.","United Nations, Department of Economic and Social Affairs, Population Division (2022). World Population Prospects 2022, Online Edition.",https://population.un.org/wpp/,,,,,_T: Total
UNICEF:GLOBAL_DATAFLOW(1.0): Cross-sector indicators,PNG: Papua New Guinea,DM_POP_TOT: Total population,F: Female,2011,3744.221,3: Thousands,PS: Persons,E: Estimated value,,,,,,"Data from 236 countries/areas with population more than 1K from WPP2022, countries/areas less than 1K population is not shown but calculated when aggregated.","United Nations, Department of Economic and Social Affairs, Population Division (2022). World Population Prospects 2022, Online Edition.",https://population.un.org/wpp/,,,,,_T: Total
UNICEF:GLOBAL_DATAFLOW(1.0): Cross-sector indicators,PNG: Papua New Guinea,DM_POP_TOT: Total population,F: Female,2012,3852.159,3: Thousands,PS: Persons,E: Estimated value,,,,,,"Data from 236 countries/areas with population more than 1K from WPP2022, countries/areas less than 1K population is not shown but calculated when aggregated.","United Nations, Department of Economic and Social Affairs, Population Division (2022). World Population Prospects 2022, Online Edition.",https://population.un.org/wpp/,,,,,_T: Total
UNICEF:GLOBAL_DATAFLOW(1.0): Cross-sector indicators,PNG: Papua New Guinea,DM_POP_TOT: Total population,F: Female,2013,3960.092,3: Thousands,PS: Persons,E: Estimated value,,,,,,"Data from 236 countries/areas with population more than 1K from WPP2022, countries/areas less than 1K population is not shown but calculated when aggregated.","United Nations, Department of Economic and Social Affairs, Population Division (2022). World Population Prospects 2022, Online Edition.",https://population.un.org/wpp/,,,,,_T: Total
UNICEF:GLOBAL_DATAFLOW(1.0): Cross-sector indicators,PNG: Papua New Guinea,DM_POP_TOT: Total population,F: Female,2014,4068.046,3: Thousands,PS: Persons,E: Estimated value,,,,,,"Data from 236 countries/areas with population more than 1K from WPP2022, countries/areas less than 1K population is not shown but calculated when aggregated.","United Nations, Department of Economic and Social Affairs, Population Division (2022). World Population Prospects 2022, Online Edition.",https://population.un.org/wpp/,,,,,_T: Total
UNICEF:GLOBAL_DATAFLOW(1.0): Cross-sector indicators,PNG: Papua New Guinea,DM_POP_TOT: Total population,F: Female,2015,4176.197,3: Thousands,PS: Persons,E: Estimated value,,,,,,"Data from 236 countries/areas with population more than 1K from WPP2022, countries/areas less than 1K population is not shown but calculated when aggregated.","United Nations, Department of Economic and Social Affairs, Population Division (2022). World Population Prospects 2022, Online Edition.",https://population.un.org/wpp/,,,,,_T: Total
UNICEF:GLOBAL_DATAFLOW(1.0): Cross-sector indicators,PNG: Papua New Guinea,DM_POP_TOT: Total population,F: Female,2016,4284.284,3: Thousands,PS: Persons,E: Estimated value,,,,,,"Data from 236 countries/areas with population more than 1K from WPP2022, countries/areas less than 1K population is not shown but calculated when aggregated.","United Nations, Department of Economic and Social Affairs, Population Division (2022). World Population Prospects 2022, Online Edition.",https://population.un.org/wpp/,,,,,_T: Total
UNICEF:GLOBAL_DATAFLOW(1.0): Cross-sector indicators,PNG: Papua New Guinea,DM_POP_TOT: Total population,F: Female,2017,4391.815,3: Thousands,PS: Persons,E: Estimated value,,,,,,"Data from 236 countries/areas with population more than 1K from WPP2022, countries/areas less than 1K population is not shown but calculated when aggregated.","United Nations, Department of Economic and Social Affairs, Population Division (2022). World Population Prospects 2022, Online Edition.",https://population.un.org/wpp/,,,,,_T: Total
UNICEF:GLOBAL_DATAFLOW(1.0): Cross-sector indicators,PNG: Papua New Guinea,DM_POP_TOT: Total population,F: Female,2018,4498.858,3: Thousands,PS: Persons,E: Estimated value,,,,,,"Data from 236 countries/areas with population more than 1K from WPP2022, countries/areas less than 1K population is not shown but calculated when aggregated.","United Nations, Department of Economic and Social Affairs, Population Division (2022). World Population Prospects 2022, Online Edition.",https://population.un.org/wpp/,,,,,_T: Total
UNICEF:GLOBAL_DATAFLOW(1.0): Cross-sector indicators,PNG: Papua New Guinea,DM_POP_TOT: Total population,F: Female,2019,4605.722,3: Thousands,PS: Persons,E: Estimated value,,,,,,"Data from 236 countries/areas with population more than 1K from WPP2022, countries/areas less than 1K population is not shown but calculated when aggregated.","United Nations, Department of Economic and Social Affairs, Population Division (2022). World Population Prospects 2022, Online Edition.",https://population.un.org/wpp/,,,,,_T: Total
UNICEF:GLOBAL_DATAFLOW(1.0): Cross-sector indicators,PNG: Papua New Guinea,DM_POP_TOT: Total population,F: Female,2020,4710.175,3: Thousands,PS: Persons,E: Estimated value,,,,,,"Data from 236 countries/areas with population more than 1K from WPP2022, countries/areas less than 1K population is not shown but calculated when aggregated.","United Nations, Department of Economic and Social Affairs, Population Division (2022). World Population Prospects 2022, Online Edition.",https://population.un.org/wpp/,,,,,_T: Total
UNICEF:GLOBAL_DATAFLOW(1.0): Cross-sector indicators,PNG: Papua New Guinea,DM_POP_TOT: Total population,F: Female,2021,4811.553,3: Thousands,PS: Persons,E: Estimated value,,,,,,"Data from 236 countries/areas with population more than 1K from WPP2022, countries/areas less than 1K population is not shown but calculated when aggregated.","United Nations, Department of Economic and Social Affairs, Population Division (2022). World Population Prospects 2022, Online Edition.",https://population.un.org/wpp/,,,,,_T: Total
UNICEF:GLOBAL_DATAFLOW(1.0): Cross-sector indicators,PNG: Papua New Guinea,DM_POP_TOT: Total population,F: Female,2022,4910.305,3: Thousands,PS: Persons,F: Forecast value,,,,,,"Data from 236 countries/areas with population more than 1K from WPP2022, countries/areas less than 1K population is not shown but calculated when aggregated.","United Nations, Department of Economic and Social Affairs, Population Division (2022). World Population Prospects 2022, Online Edition.",https://population.un.org/wpp/,,,,,_T: Total
UNICEF:GLOBAL_DATAFLOW(1.0): Cross-sector indicators,PNG: Papua New Guinea,DM_POP_TOT: Total population,F: Female,2023,5006.583,3: Thousands,PS: Persons,F: Forecast value,,,,,,"Data from 236 countries/areas with population more than 1K from WPP2022, countries/areas less than 1K population is not shown but calculated when aggregated.","United Nations, Department of Economic and Social Affairs, Population Division (2022). World Population Prospects 2022, Online Edition.",https://population.un.org/wpp/,,,,,_T: Total
UNICEF:GLOBAL_DATAFLOW(1.0): Cross-sector indicators,PNG: Papua New Guinea,DM_POP_TOT: Total population,M: Male,1970,1318.606,3: Thousands,PS: Persons,E: Estimated value,,,,,,"Data from 236 countries/areas with population more than 1K from WPP2022, countries/areas less than 1K population is not shown but calculated when aggregated.","United Nations, Department of Economic and Social Affairs, Population Division (2022). World Population Prospects 2022, Online Edition.",https://population.un.org/wpp/,,,,,_T: Total
UNICEF:GLOBAL_DATAFLOW(1.0): Cross-sector indicators,PNG: Papua New Guinea,DM_POP_TOT: Total population,M: Male,1971,1350.759,3: Thousands,PS: Persons,E: Estimated value,,,,,,"Data from 236 countries/areas with population more than 1K from WPP2022, countries/areas less than 1K population is not shown but calculated when aggregated.","United Nations, Department of Economic and Social Affairs, Population Division (2022). World Population Prospects 2022, Online Edition.",https://population.un.org/wpp/,,,,,_T: Total
UNICEF:GLOBAL_DATAFLOW(1.0): Cross-sector indicators,PNG: Papua New Guinea,DM_POP_TOT: Total population,M: Male,1972,1383.149,3: Thousands,PS: Persons,E: Estimated value,,,,,,"Data from 236 countries/areas with population more than 1K from WPP2022, countries/areas less than 1K population is not shown but calculated when aggregated.","United Nations, Department of Economic and Social Affairs, Population Division (2022). World Population Prospects 2022, Online Edition.",https://population.un.org/wpp/,,,,,_T: Total
UNICEF:GLOBAL_DATAFLOW(1.0): Cross-sector indicators,PNG: Papua New Guinea,DM_POP_TOT: Total population,M: Male,1973,1415.339,3: Thousands,PS: Persons,E: Estimated value,,,,,,"Data from 236 countries/areas with population more than 1K from WPP2022, countries/areas less than 1K population is not shown but calculated when aggregated.","United Nations, Department of Economic and Social Affairs, Population Division (2022). World Population Prospects 2022, Online Edition.",https://population.un.org/wpp/,,,,,_T: Total
UNICEF:GLOBAL_DATAFLOW(1.0): Cross-sector indicators,PNG: Papua New Guinea,DM_POP_TOT: Total population,M: Male,1974,1447.523,3: Thousands,PS: Persons,E: Estimated value,,,,,,"Data from 236 countries/areas with population more than 1K from WPP2022, countries/areas less than 1K population is not shown but calculated when aggregated.","United Nations, Department of Economic and Social Affairs, Population Division (2022). World Population Prospects 2022, Online Edition.",https://population.un.org/wpp/,,,,,_T: Total
UNICEF:GLOBAL_DATAFLOW(1.0): Cross-sector indicators,PNG: Papua New Guinea,DM_POP_TOT: Total population,M: Male,1975,1479.77,3: Thousands,PS: Persons,E: Estimated value,,,,,,"Data from 236 countries/areas with population more than 1K from WPP2022, countries/areas less than 1K population is not shown but calculated when aggregated.","United Nations, Department of Economic and Social Affairs, Population Division (2022). World Population Prospects 2022, Online Edition.",https://population.un.org/wpp/,,,,,_T: Total
UNICEF:GLOBAL_DATAFLOW(1.0): Cross-sector indicators,PNG: Papua New Guinea,DM_POP_TOT: Total population,M: Male,1976,1512.183,3: Thousands,PS: Persons,E: Estimated value,,,,,,"Data from 236 countries/areas with population more than 1K from WPP2022, countries/areas less than 1K population is not shown but calculated when aggregated.","United Nations, Department of Economic and Social Affairs, Population Division (2022). World Population Prospects 2022, Online Edition.",https://population.un.org/wpp/,,,,,_T: Total
UNICEF:GLOBAL_DATAFLOW(1.0): Cross-sector indicators,PNG: Papua New Guinea,DM_POP_TOT: Total population,M: Male,1977,1544.809,3: Thousands,PS: Persons,E: Estimated value,,,,,,"Data from 236 countries/areas with population more than 1K from WPP2022, countries/areas less than 1K population is not shown but calculated when aggregated.","United Nations, Department of Economic and Social Affairs, Population Division (2022). World Population Prospects 2022, Online Edition.",https://population.un.org/wpp/,,,,,_T: Total
UNICEF:GLOBAL_DATAFLOW(1.0): Cross-sector indicators,PNG: Papua New Guinea,DM_POP_TOT: Total population,M: Male,1978,1577.594,3: Thousands,PS: Persons,E: Estimated value,,,,,,"Data from 236 countries/areas with population more than 1K from WPP2022, countries/areas less than 1K population is not shown but calculated when aggregated.","United Nations, Department of Economic and Social Affairs, Population Division (2022). World Population Prospects 2022, Online Edition.",https://population.un.org/wpp/,,,,,_T: Total
UNICEF:GLOBAL_DATAFLOW(1.0): Cross-sector indicators,PNG: Papua New Guinea,DM_POP_TOT: Total population,M: Male,1979,1610.517,3: Thousands,PS: Persons,E: Estimated value,,,,,,"Data from 236 countries/areas with population more than 1K from WPP2022, countries/areas less than 1K population is not shown but calculated when aggregated.","United Nations, Department of Economic and Social Affairs, Population Division (2022). World Population Prospects 2022, Online Edition.",https://population.un.org/wpp/,,,,,_T: Total
UNICEF:GLOBAL_DATAFLOW(1.0): Cross-sector indicators,PNG: Papua New Guinea,DM_POP_TOT: Total population,M: Male,1980,1643.752,3: Thousands,PS: Persons,E: Estimated value,,,,,,"Data from 236 countries/areas with population more than 1K from WPP2022, countries/areas less than 1K population is not shown but calculated when aggregated.","United Nations, Department of Economic and Social Affairs, Population Division (2022). World Population Prospects 2022, Online Edition.",https://population.un.org/wpp/,,,,,_T: Total
UNICEF:GLOBAL_DATAFLOW(1.0): Cross-sector indicators,PNG: Papua New Guinea,DM_POP_TOT: Total population,M: Male,1981,1678.416,3: Thousands,PS: Persons,E: Estimated value,,,,,,"Data from 236 countries/areas with population more than 1K from WPP2022, countries/areas less than 1K population is not shown but calculated when aggregated.","United Nations, Department of Economic and Social Affairs, Population Division (2022). World Population Prospects 2022, Online Edition.",https://population.un.org/wpp/,,,,,_T: Total
UNICEF:GLOBAL_DATAFLOW(1.0): Cross-sector indicators,PNG: Papua New Guinea,DM_POP_TOT: Total population,M: Male,1982,1714.717,3: Thousands,PS: Persons,E: Estimated value,,,,,,"Data from 236 countries/areas with population more than 1K from WPP2022, countries/areas less than 1K population is not shown but calculated when aggregated.","United Nations, Department of Economic and Social Affairs, Population Division (2022). World Population Prospects 2022, Online Edition.",https://population.un.org/wpp/,,,,,_T: Total
UNICEF:GLOBAL_DATAFLOW(1.0): Cross-sector indicators,PNG: Papua New Guinea,DM_POP_TOT: Total population,M: Male,1983,1752.075,3: Thousands,PS: Persons,E: Estimated value,,,,,,"Data from 236 countries/areas with population more than 1K from WPP2022, countries/areas less than 1K population is not shown but calculated when aggregated.","United Nations, Department of Economic and Social Affairs, Population Division (2022). World Population Prospects 2022, Online Edition.",https://population.un.org/wpp/,,,,,_T: Total
UNICEF:GLOBAL_DATAFLOW(1.0): Cross-sector indicators,PNG: Papua New Guinea,DM_POP_TOT: Total population,M: Male,1984,1790.562,3: Thousands,PS: Persons,E: Estimated value,,,,,,"Data from 236 countries/areas with population more than 1K from WPP2022, countries/areas less than 1K population is not shown but calculated when aggregated.","United Nations, Department of Economic and Social Affairs, Population Division (2022). World Population Prospects 2022, Online Edition.",https://population.un.org/wpp/,,,,,_T: Total
UNICEF:GLOBAL_DATAFLOW(1.0): Cross-sector indicators,PNG: Papua New Guinea,DM_POP_TOT: Total population,M: Male,1985,1830.16,3: Thousands,PS: Persons,E: Estimated value,,,,,,"Data from 236 countries/areas with population more than 1K from WPP2022, countries/areas less than 1K population is not shown but calculated when aggregated.","United Nations, Department of Economic and Social Affairs, Population Division (2022). World Population Prospects 2022, Online Edition.",https://population.un.org/wpp/,,,,,_T: Total
UNICEF:GLOBAL_DATAFLOW(1.0): Cross-sector indicators,PNG: Papua New Guinea,DM_POP_TOT: Total population,M: Male,1986,1870.802,3: Thousands,PS: Persons,E: Estimated value,,,,,,"Data from 236 countries/areas with population more than 1K from WPP2022, countries/areas less than 1K population is not shown but calculated when aggregated.","United Nations, Department of Economic and Social Affairs, Population Division (2022). World Population Prospects 2022, Online Edition.",https://population.un.org/wpp/,,,,,_T: Total
UNICEF:GLOBAL_DATAFLOW(1.0): Cross-sector indicators,PNG: Papua New Guinea,DM_POP_TOT: Total population,M: Male,1987,1912.453,3: Thousands,PS: Persons,E: Estimated value,,,,,,"Data from 236 countries/areas with population more than 1K from WPP2022, countries/areas less than 1K population is not shown but calculated when aggregated.","United Nations, Department of Economic and Social Affairs, Population Division (2022). World Population Prospects 2022, Online Edition.",https://population.un.org/wpp/,,,,,_T: Total
UNICEF:GLOBAL_DATAFLOW(1.0): Cross-sector indicators,PNG: Papua New Guinea,DM_POP_TOT: Total population,M: Male,1988,1955.086,3: Thousands,PS: Persons,E: Estimated value,,,,,,"Data from 236 countries/areas with population more than 1K from WPP2022, countries/areas less than 1K population is not shown but calculated when aggregated.","United Nations, Department of Economic and Social Affairs, Population Division (2022). World Population Prospects 2022, Online Edition.",https://population.un.org/wpp/,,,,,_T: Total
UNICEF:GLOBAL_DATAFLOW(1.0): Cross-sector indicators,PNG: Papua New Guinea,DM_POP_TOT: Total population,M: Male,1989,1999.899,3: Thousands,PS: Persons,E: Estimated value,,,,,,"Data from 236 countries/areas with population more than 1K from WPP2022, countries/areas less than 1K population is not shown but calculated when aggregated.","United Nations, Department of Economic and Social Affairs, Population Division (2022). World Population Prospects 2022, Online Edition.",https://population.un.org/wpp/,,,,,_T: Total
UNICEF:GLOBAL_DATAFLOW(1.0): Cross-sector indicators,PNG: Papua New Guinea,DM_POP_TOT: Total population,M: Male,1990,2050.97,3: Thousands,PS: Persons,E: Estimated value,,,,,,"Data from 236 countries/areas with population more than 1K from WPP2022, countries/areas less than 1K population is not shown but calculated when aggregated.","United Nations, Department of Economic and Social Affairs, Population Division (2022). World Population Prospects 2022, Online Edition.",https://population.un.org/wpp/,,,,,_T: Total
UNICEF:GLOBAL_DATAFLOW(1.0): Cross-sector indicators,PNG: Papua New Guinea,DM_POP_TOT: Total population,M: Male,1991,2113.559,3: Thousands,PS: Persons,E: Estimated value,,,,,,"Data from 236 countries/areas with population more than 1K from WPP2022, countries/areas less than 1K population is not shown but calculated when aggregated.","United Nations, Department of Economic and Social Affairs, Population Division (2022). World Population Prospects 2022, Online Edition.",https://population.un.org/wpp/,,,,,_T: Total
UNICEF:GLOBAL_DATAFLOW(1.0): Cross-sector indicators,PNG: Papua New Guinea,DM_POP_TOT: Total population,M: Male,1992,2186.51,3: Thousands,PS: Persons,E: Estimated value,,,,,,"Data from 236 countries/areas with population more than 1K from WPP2022, countries/areas less than 1K population is not shown but calculated when aggregated.","United Nations, Department of Economic and Social Affairs, Population Division (2022). World Population Prospects 2022, Online Edition.",https://population.un.org/wpp/,,,,,_T: Total
UNICEF:GLOBAL_DATAFLOW(1.0): Cross-sector indicators,PNG: Papua New Guinea,DM_POP_TOT: Total population,M: Male,1993,2264.275,3: Thousands,PS: Persons,E: Estimated value,,,,,,"Data from 236 countries/areas with population more than 1K from WPP2022, countries/areas less than 1K population is not shown but calculated when aggregated.","United Nations, Department of Economic and Social Affairs, Population Division (2022). World Population Prospects 2022, Online Edition.",https://population.un.org/wpp/,,,,,_T: Total
UNICEF:GLOBAL_DATAFLOW(1.0): Cross-sector indicators,PNG: Papua New Guinea,DM_POP_TOT: Total population,M: Male,1994,2344.706,3: Thousands,PS: Persons,E: Estimated value,,,,,,"Data from 236 countries/areas with population more than 1K from WPP2022, countries/areas less than 1K population is not shown but calculated when aggregated.","United Nations, Department of Economic and Social Affairs, Population Division (2022). World Population Prospects 2022, Online Edition.",https://population.un.org/wpp/,,,,,_T: Total
UNICEF:GLOBAL_DATAFLOW(1.0): Cross-sector indicators,PNG: Papua New Guinea,DM_POP_TOT: Total population,M: Male,1995,2427.513,3: Thousands,PS: Persons,E: Estimated value,,,,,,"Data from 236 countries/areas with population more than 1K from WPP2022, countries/areas less than 1K population is not shown but calculated when aggregated.","United Nations, Department of Economic and Social Affairs, Population Division (2022). World Population Prospects 2022, Online Edition.",https://population.un.org/wpp/,,,,,_T: Total
UNICEF:GLOBAL_DATAFLOW(1.0): Cross-sector indicators,PNG: Papua New Guinea,DM_POP_TOT: Total population,M: Male,1996,2512.733,3: Thousands,PS: Persons,E: Estimated value,,,,,,"Data from 236 countries/areas with population more than 1K from WPP2022, countries/areas less than 1K population is not shown but calculated when aggregated.","United Nations, Department of Economic and Social Affairs, Population Division (2022). World Population Prospects 2022, Online Edition.",https://population.un.org/wpp/,,,,,_T: Total
UNICEF:GLOBAL_DATAFLOW(1.0): Cross-sector indicators,PNG: Papua New Guinea,DM_POP_TOT: Total population,M: Male,1997,2600.588,3: Thousands,PS: Persons,E: Estimated value,,,,,,"Data from 236 countries/areas with population more than 1K from WPP2022, countries/areas less than 1K population is not shown but calculated when aggregated.","United Nations, Department of Economic and Social Affairs, Population Division (2022). World Population Prospects 2022, Online Edition.",https://population.un.org/wpp/,,,,,_T: Total
UNICEF:GLOBAL_DATAFLOW(1.0): Cross-sector indicators,PNG: Papua New Guinea,DM_POP_TOT: Total population,M: Male,1998,2690.481,3: Thousands,PS: Persons,E: Estimated value,,,,,,"Data from 236 countries/areas with population more than 1K from WPP2022, countries/areas less than 1K population is not shown but calculated when aggregated.","United Nations, Department of Economic and Social Affairs, Population Division (2022). World Population Prospects 2022, Online Edition.",https://population.un.org/wpp/,,,,,_T: Total
UNICEF:GLOBAL_DATAFLOW(1.0): Cross-sector indicators,PNG: Papua New Guinea,DM_POP_TOT: Total population,M: Male,1999,2782.545,3: Thousands,PS: Persons,E: Estimated value,,,,,,"Data from 236 countries/areas with population more than 1K from WPP2022, countries/areas less than 1K population is not shown but calculated when aggregated.","United Nations, Department of Economic and Social Affairs, Population Division (2022). World Population Prospects 2022, Online Edition.",https://population.un.org/wpp/,,,,,_T: Total
UNICEF:GLOBAL_DATAFLOW(1.0): Cross-sector indicators,PNG: Papua New Guinea,DM_POP_TOT: Total population,M: Male,2000,2876.874,3: Thousands,PS: Persons,E: Estimated value,,,,,,"Data from 236 countries/areas with population more than 1K from WPP2022, countries/areas less than 1K population is not shown but calculated when aggregated.","United Nations, Department of Economic and Social Affairs, Population Division (2022). World Population Prospects 2022, Online Edition.",https://population.un.org/wpp/,,,,,_T: Total
UNICEF:GLOBAL_DATAFLOW(1.0): Cross-sector indicators,PNG: Papua New Guinea,DM_POP_TOT: Total population,M: Male,2001,2974.119,3: Thousands,PS: Persons,E: Estimated value,,,,,,"Data from 236 countries/areas with population more than 1K from WPP2022, countries/areas less than 1K population is not shown but calculated when aggregated.","United Nations, Department of Economic and Social Affairs, Population Division (2022). World Population Prospects 2022, Online Edition.",https://population.un.org/wpp/,,,,,_T: Total
UNICEF:GLOBAL_DATAFLOW(1.0): Cross-sector indicators,PNG: Papua New Guinea,DM_POP_TOT: Total population,M: Male,2002,3074.522,3: Thousands,PS: Persons,E: Estimated value,,,,,,"Data from 236 countries/areas with population more than 1K from WPP2022, countries/areas less than 1K population is not shown but calculated when aggregated.","United Nations, Department of Economic and Social Affairs, Population Division (2022). World Population Prospects 2022, Online Edition.",https://population.un.org/wpp/,,,,,_T: Total
UNICEF:GLOBAL_DATAFLOW(1.0): Cross-sector indicators,PNG: Papua New Guinea,DM_POP_TOT: Total population,M: Male,2003,3177.073,3: Thousands,PS: Persons,E: Estimated value,,,,,,"Data from 236 countries/areas with population more than 1K from WPP2022, countries/areas less than 1K population is not shown but calculated when aggregated.","United Nations, Department of Economic and Social Affairs, Population Division (2022). World Population Prospects 2022, Online Edition.",https://population.un.org/wpp/,,,,,_T: Total
UNICEF:GLOBAL_DATAFLOW(1.0): Cross-sector indicators,PNG: Papua New Guinea,DM_POP_TOT: Total population,M: Male,2004,3281.496,3: Thousands,PS: Persons,E: Estimated value,,,,,,"Data from 236 countries/areas with population more than 1K from WPP2022, countries/areas less than 1K population is not shown but calculated when aggregated.","United Nations, Department of Economic and Social Affairs, Population Division (2022). World Population Prospects 2022, Online Edition.",https://population.un.org/wpp/,,,,,_T: Total
UNICEF:GLOBAL_DATAFLOW(1.0): Cross-sector indicators,PNG: Papua New Guinea,DM_POP_TOT: Total population,M: Male,2005,3387.691,3: Thousands,PS: Persons,E: Estimated value,,,,,,"Data from 236 countries/areas with population more than 1K from WPP2022, countries/areas less than 1K population is not shown but calculated when aggregated.","United Nations, Department of Economic and Social Affairs, Population Division (2022). World Population Prospects 2022, Online Edition.",https://population.un.org/wpp/,,,,,_T: Total
UNICEF:GLOBAL_DATAFLOW(1.0): Cross-sector indicators,PNG: Papua New Guinea,DM_POP_TOT: Total population,M: Male,2006,3495.994,3: Thousands,PS: Persons,E: Estimated value,,,,,,"Data from 236 countries/areas with population more than 1K from WPP2022, countries/areas less than 1K population is not shown but calculated when aggregated.","United Nations, Department of Economic and Social Affairs, Population Division (2022). World Population Prospects 2022, Online Edition.",https://population.un.org/wpp/,,,,,_T: Total
UNICEF:GLOBAL_DATAFLOW(1.0): Cross-sector indicators,PNG: Papua New Guinea,DM_POP_TOT: Total population,M: Male,2007,3606.247,3: Thousands,PS: Persons,E: Estimated value,,,,,,"Data from 236 countries/areas with population more than 1K from WPP2022, countries/areas less than 1K population is not shown but calculated when aggregated.","United Nations, Department of Economic and Social Affairs, Population Division (2022). World Population Prospects 2022, Online Edition.",https://population.un.org/wpp/,,,,,_T: Total
UNICEF:GLOBAL_DATAFLOW(1.0): Cross-sector indicators,PNG: Papua New Guinea,DM_POP_TOT: Total population,M: Male,2008,3718.41,3: Thousands,PS: Persons,E: Estimated value,,,,,,"Data from 236 countries/areas with population more than 1K from WPP2022, countries/areas less than 1K population is not shown but calculated when aggregated.","United Nations, Department of Economic and Social Affairs, Population Division (2022). World Population Prospects 2022, Online Edition.",https://population.un.org/wpp/,,,,,_T: Total
UNICEF:GLOBAL_DATAFLOW(1.0): Cross-sector indicators,PNG: Papua New Guinea,DM_POP_TOT: Total population,M: Male,2009,3832.285,3: Thousands,PS: Persons,E: Estimated value,,,,,,"Data from 236 countries/areas with population more than 1K from WPP2022, countries/areas less than 1K population is not shown but calculated when aggregated.","United Nations, Department of Economic and Social Affairs, Population Division (2022). World Population Prospects 2022, Online Edition.",https://population.un.org/wpp/,,,,,_T: Total
UNICEF:GLOBAL_DATAFLOW(1.0): Cross-sector indicators,PNG: Papua New Guinea,DM_POP_TOT: Total population,M: Male,2010,3947.886,3: Thousands,PS: Persons,E: Estimated value,,,,,,"Data from 236 countries/areas with population more than 1K from WPP2022, countries/areas less than 1K population is not shown but calculated when aggregated.","United Nations, Department of Economic and Social Affairs, Population Division (2022). World Population Prospects 2022, Online Edition.",https://population.un.org/wpp/,,,,,_T: Total
UNICEF:GLOBAL_DATAFLOW(1.0): Cross-sector indicators,PNG: Papua New Guinea,DM_POP_TOT: Total population,M: Male,2011,4062.416,3: Thousands,PS: Persons,E: Estimated value,,,,,,"Data from 236 countries/areas with population more than 1K from WPP2022, countries/areas less than 1K population is not shown but calculated when aggregated.","United Nations, Department of Economic and Social Affairs, Population Division (2022). World Population Prospects 2022, Online Edition.",https://population.un.org/wpp/,,,,,_T: Total
UNICEF:GLOBAL_DATAFLOW(1.0): Cross-sector indicators,PNG: Papua New Guinea,DM_POP_TOT: Total population,M: Male,2012,4174.386,3: Thousands,PS: Persons,E: Estimated value,,,,,,"Data from 236 countries/areas with population more than 1K from WPP2022, countries/areas less than 1K population is not shown but calculated when aggregated.","United Nations, Department of Economic and Social Affairs, Population Division (2022). World Population Prospects 2022, Online Edition.",https://population.un.org/wpp/,,,,,_T: Total
UNICEF:GLOBAL_DATAFLOW(1.0): Cross-sector indicators,PNG: Papua New Guinea,DM_POP_TOT: Total population,M: Male,2013,4285.535,3: Thousands,PS: Persons,E: Estimated value,,,,,,"Data from 236 countries/areas with population more than 1K from WPP2022, countries/areas less than 1K population is not shown but calculated when aggregated.","United Nations, Department of Economic and Social Affairs, Population Division (2022). World Population Prospects 2022, Online Edition.",https://population.un.org/wpp/,,,,,_T: Total
UNICEF:GLOBAL_DATAFLOW(1.0): Cross-sector indicators,PNG: Papua New Guinea,DM_POP_TOT: Total population,M: Male,2014,4396.106,3: Thousands,PS: Persons,E: Estimated value,,,,,,"Data from 236 countries/areas with population more than 1K from WPP2022, countries/areas less than 1K population is not shown but calculated when aggregated.","United Nations, Department of Economic and Social Affairs, Population Division (2022). World Population Prospects 2022, Online Edition.",https://population.un.org/wpp/,,,,,_T: Total
UNICEF:GLOBAL_DATAFLOW(1.0): Cross-sector indicators,PNG: Papua New Guinea,DM_POP_TOT: Total population,M: Male,2015,4505.977,3: Thousands,PS: Persons,E: Estimated value,,,,,,"Data from 236 countries/areas with population more than 1K from WPP2022, countries/areas less than 1K population is not shown but calculated when aggregated.","United Nations, Department of Economic and Social Affairs, Population Division (2022). World Population Prospects 2022, Online Edition.",https://population.un.org/wpp/,,,,,_T: Total
UNICEF:GLOBAL_DATAFLOW(1.0): Cross-sector indicators,PNG: Papua New Guinea,DM_POP_TOT: Total population,M: Male,2016,4614.885,3: Thousands,PS: Persons,E: Estimated value,,,,,,"Data from 236 countries/areas with population more than 1K from WPP2022, countries/areas less than 1K population is not shown but calculated when aggregated.","United Nations, Department of Economic and Social Affairs, Population Division (2022). World Population Prospects 2022, Online Edition.",https://population.un.org/wpp/,,,,,_T: Total
UNICEF:GLOBAL_DATAFLOW(1.0): Cross-sector indicators,PNG: Papua New Guinea,DM_POP_TOT: Total population,M: Male,2017,4722.981,3: Thousands,PS: Persons,E: Estimated value,,,,,,"Data from 236 countries/areas with population more than 1K from WPP2022, countries/areas less than 1K population is not shown but calculated when aggregated.","United Nations, Department of Economic and Social Affairs, Population Division (2022). World Population Prospects 2022, Online Edition.",https://population.un.org/wpp/,,,,,_T: Total
UNICEF:GLOBAL_DATAFLOW(1.0): Cross-sector indicators,PNG: Papua New Guinea,DM_POP_TOT: Total population,M: Male,2018,4830.369,3: Thousands,PS: Persons,E: Estimated value,,,,,,"Data from 236 countries/areas with population more than 1K from WPP2022, countries/areas less than 1K population is not shown but calculated when aggregated.","United Nations, Department of Economic and Social Affairs, Population Division (2022). World Population Prospects 2022, Online Edition.",https://population.un.org/wpp/,,,,,_T: Total
UNICEF:GLOBAL_DATAFLOW(1.0): Cross-sector indicators,PNG: Papua New Guinea,DM_POP_TOT: Total population,M: Male,2019,4936.763,3: Thousands,PS: Persons,E: Estimated value,,,,,,"Data from 236 countries/areas with population more than 1K from WPP2022, countries/areas less than 1K population is not shown but calculated when aggregated.","United Nations, Department of Economic and Social Affairs, Population Division (2022). World Population Prospects 2022, Online Edition.",https://population.un.org/wpp/,,,,,_T: Total
UNICEF:GLOBAL_DATAFLOW(1.0): Cross-sector indicators,PNG: Papua New Guinea,DM_POP_TOT: Total population,M: Male,2020,5039.466,3: Thousands,PS: Persons,E: Estimated value,,,,,,"Data from 236 countries/areas with population more than 1K from WPP2022, countries/areas less than 1K population is not shown but calculated when aggregated.","United Nations, Department of Economic and Social Affairs, Population Division (2022). World Population Prospects 2022, Online Edition.",https://population.un.org/wpp/,,,,,_T: Total
UNICEF:GLOBAL_DATAFLOW(1.0): Cross-sector indicators,PNG: Papua New Guinea,DM_POP_TOT: Total population,M: Male,2021,5137.884,3: Thousands,PS: Persons,E: Estimated value,,,,,,"Data from 236 countries/areas with population more than 1K from WPP2022, countries/areas less than 1K population is not shown but calculated when aggregated.","United Nations, Department of Economic and Social Affairs, Population Division (2022). World Population Prospects 2022, Online Edition.",https://population.un.org/wpp/,,,,,_T: Total
UNICEF:GLOBAL_DATAFLOW(1.0): Cross-sector indicators,PNG: Papua New Guinea,DM_POP_TOT: Total population,M: Male,2022,5232.314,3: Thousands,PS: Persons,F: Forecast value,,,,,,"Data from 236 countries/areas with population more than 1K from WPP2022, countries/areas less than 1K population is not shown but calculated when aggregated.","United Nations, Department of Economic and Social Affairs, Population Division (2022). World Population Prospects 2022, Online Edition.",https://population.un.org/wpp/,,,,,_T: Total
UNICEF:GLOBAL_DATAFLOW(1.0): Cross-sector indicators,PNG: Papua New Guinea,DM_POP_TOT: Total population,M: Male,2023,5323.347,3: Thousands,PS: Persons,F: Forecast value,,,,,,"Data from 236 countries/areas with population more than 1K from WPP2022, countries/areas less than 1K population is not shown but calculated when aggregated.","United Nations, Department of Economic and Social Affairs, Population Division (2022). World Population Prospects 2022, Online Edition.",https://population.un.org/wpp/,,,,,_T: Total
UNICEF:GLOBAL_DATAFLOW(1.0): Cross-sector indicators,PNG: Papua New Guinea,DM_POP_TOT: Total population,_T: Total,1970,2489.059,3: Thousands,PS: Persons,E: Estimated value,,,,,,"Data from 236 countries/areas with population more than 1K from WPP2022, countries/areas less than 1K population is not shown but calculated when aggregated.","United Nations, Department of Economic and Social Affairs, Population Division (2022). World Population Prospects 2022, Online Edition.",https://population.un.org/wpp/,,,,,_T: Total
UNICEF:GLOBAL_DATAFLOW(1.0): Cross-sector indicators,PNG: Papua New Guinea,DM_POP_TOT: Total population,_T: Total,1971,2549.315,3: Thousands,PS: Persons,E: Estimated value,,,,,,"Data from 236 countries/areas with population more than 1K from WPP2022, countries/areas less than 1K population is not shown but calculated when aggregated.","United Nations, Department of Economic and Social Affairs, Population Division (2022). World Population Prospects 2022, Online Edition.",https://population.un.org/wpp/,,,,,_T: Total
UNICEF:GLOBAL_DATAFLOW(1.0): Cross-sector indicators,PNG: Papua New Guinea,DM_POP_TOT: Total population,_T: Total,1972,2610.7,3: Thousands,PS: Persons,E: Estimated value,,,,,,"Data from 236 countries/areas with population more than 1K from WPP2022, countries/areas less than 1K population is not shown but calculated when aggregated.","United Nations, Department of Economic and Social Affairs, Population Division (2022). World Population Prospects 2022, Online Edition.",https://population.un.org/wpp/,,,,,_T: Total
UNICEF:GLOBAL_DATAFLOW(1.0): Cross-sector indicators,PNG: Papua New Guinea,DM_POP_TOT: Total population,_T: Total,1973,2672.144,3: Thousands,PS: Persons,E: Estimated value,,,,,,"Data from 236 countries/areas with population more than 1K from WPP2022, countries/areas less than 1K population is not shown but calculated when aggregated.","United Nations, Department of Economic and Social Affairs, Population Division (2022). World Population Prospects 2022, Online Edition.",https://population.un.org/wpp/,,,,,_T: Total
UNICEF:GLOBAL_DATAFLOW(1.0): Cross-sector indicators,PNG: Papua New Guinea,DM_POP_TOT: Total population,_T: Total,1974,2733.312,3: Thousands,PS: Persons,E: Estimated value,,,,,,"Data from 236 countries/areas with population more than 1K from WPP2022, countries/areas less than 1K population is not shown but calculated when aggregated.","United Nations, Department of Economic and Social Affairs, Population Division (2022). World Population Prospects 2022, Online Edition.",https://population.un.org/wpp/,,,,,_T: Total
UNICEF:GLOBAL_DATAFLOW(1.0): Cross-sector indicators,PNG: Papua New Guinea,DM_POP_TOT: Total population,_T: Total,1975,2794.462,3: Thousands,PS: Persons,E: Estimated value,,,,,,"Data from 236 countries/areas with population more than 1K from WPP2022, countries/areas less than 1K population is not shown but calculated when aggregated.","United Nations, Department of Economic and Social Affairs, Population Division (2022). World Population Prospects 2022, Online Edition.",https://population.un.org/wpp/,,,,,_T: Total
UNICEF:GLOBAL_DATAFLOW(1.0): Cross-sector indicators,PNG: Papua New Guinea,DM_POP_TOT: Total population,_T: Total,1976,2855.837,3: Thousands,PS: Persons,E: Estimated value,,,,,,"Data from 236 countries/areas with population more than 1K from WPP2022, countries/areas less than 1K population is not shown but calculated when aggregated.","United Nations, Department of Economic and Social Affairs, Population Division (2022). World Population Prospects 2022, Online Edition.",https://population.un.org/wpp/,,,,,_T: Total
UNICEF:GLOBAL_DATAFLOW(1.0): Cross-sector indicators,PNG: Papua New Guinea,DM_POP_TOT: Total population,_T: Total,1977,2917.572,3: Thousands,PS: Persons,E: Estimated value,,,,,,"Data from 236 countries/areas with population more than 1K from WPP2022, countries/areas less than 1K population is not shown but calculated when aggregated.","United Nations, Department of Economic and Social Affairs, Population Division (2022). World Population Prospects 2022, Online Edition.",https://population.un.org/wpp/,,,,,_T: Total
UNICEF:GLOBAL_DATAFLOW(1.0): Cross-sector indicators,PNG: Papua New Guinea,DM_POP_TOT: Total population,_T: Total,1978,2979.606,3: Thousands,PS: Persons,E: Estimated value,,,,,,"Data from 236 countries/areas with population more than 1K from WPP2022, countries/areas less than 1K population is not shown but calculated when aggregated.","United Nations, Department of Economic and Social Affairs, Population Division (2022). World Population Prospects 2022, Online Edition.",https://population.un.org/wpp/,,,,,_T: Total
UNICEF:GLOBAL_DATAFLOW(1.0): Cross-sector indicators,PNG: Papua New Guinea,DM_POP_TOT: Total population,_T: Total,1979,3041.902,3: Thousands,PS: Persons,E: Estimated value,,,,,,"Data from 236 countries/areas with population more than 1K from WPP2022, countries/areas less than 1K population is not shown but calculated when aggregated.","United Nations, Department of Economic and Social Affairs, Population Division (2022). World Population Prospects 2022, Online Edition.",https://population.un.org/wpp/,,,,,_T: Total
UNICEF:GLOBAL_DATAFLOW(1.0): Cross-sector indicators,PNG: Papua New Guinea,DM_POP_TOT: Total population,_T: Total,1980,3104.788,3: Thousands,PS: Persons,E: Estimated value,,,,,,"Data from 236 countries/areas with population more than 1K from WPP2022, countries/areas less than 1K population is not shown but calculated when aggregated.","United Nations, Department of Economic and Social Affairs, Population Division (2022). World Population Prospects 2022, Online Edition.",https://population.un.org/wpp/,,,,,_T: Total
UNICEF:GLOBAL_DATAFLOW(1.0): Cross-sector indicators,PNG: Papua New Guinea,DM_POP_TOT: Total population,_T: Total,1981,3169.073,3: Thousands,PS: Persons,E: Estimated value,,,,,,"Data from 236 countries/areas with population more than 1K from WPP2022, countries/areas less than 1K population is not shown but calculated when aggregated.","United Nations, Department of Economic and Social Affairs, Population Division (2022). World Population Prospects 2022, Online Edition.",https://population.un.org/wpp/,,,,,_T: Total
UNICEF:GLOBAL_DATAFLOW(1.0): Cross-sector indicators,PNG: Papua New Guinea,DM_POP_TOT: Total population,_T: Total,1982,3235.264,3: Thousands,PS: Persons,E: Estimated value,,,,,,"Data from 236 countries/areas with population more than 1K from WPP2022, countries/areas less than 1K population is not shown but calculated when aggregated.","United Nations, Department of Economic and Social Affairs, Population Division (2022). World Population Prospects 2022, Online Edition.",https://population.un.org/wpp/,,,,,_T: Total
UNICEF:GLOBAL_DATAFLOW(1.0): Cross-sector indicators,PNG: Papua New Guinea,DM_POP_TOT: Total population,_T: Total,1983,3303.677,3: Thousands,PS: Persons,E: Estimated value,,,,,,"Data from 236 countries/areas with population more than 1K from WPP2022, countries/areas less than 1K population is not shown but calculated when aggregated.","United Nations, Department of Economic and Social Affairs, Population Division (2022). World Population Prospects 2022, Online Edition.",https://population.un.org/wpp/,,,,,_T: Total
UNICEF:GLOBAL_DATAFLOW(1.0): Cross-sector indicators,PNG: Papua New Guinea,DM_POP_TOT: Total population,_T: Total,1984,3374.465,3: Thousands,PS: Persons,E: Estimated value,,,,,,"Data from 236 countries/areas with population more than 1K from WPP2022, countries/areas less than 1K population is not shown but calculated when aggregated.","United Nations, Department of Economic and Social Affairs, Population Division (2022). World Population Prospects 2022, Online Edition.",https://population.un.org/wpp/,,,,,_T: Total
UNICEF:GLOBAL_DATAFLOW(1.0): Cross-sector indicators,PNG: Papua New Guinea,DM_POP_TOT: Total population,_T: Total,1985,3447.579,3: Thousands,PS: Persons,E: Estimated value,,,,,,"Data from 236 countries/areas with population more than 1K from WPP2022, countries/areas less than 1K population is not shown but calculated when aggregated.","United Nations, Department of Economic and Social Affairs, Population Division (2022). World Population Prospects 2022, Online Edition.",https://population.un.org/wpp/,,,,,_T: Total
UNICEF:GLOBAL_DATAFLOW(1.0): Cross-sector indicators,PNG: Papua New Guinea,DM_POP_TOT: Total population,_T: Total,1986,3522.916,3: Thousands,PS: Persons,E: Estimated value,,,,,,"Data from 236 countries/areas with population more than 1K from WPP2022, countries/areas less than 1K population is not shown but calculated when aggregated.","United Nations, Department of Economic and Social Affairs, Population Division (2022). World Population Prospects 2022, Online Edition.",https://population.un.org/wpp/,,,,,_T: Total
UNICEF:GLOBAL_DATAFLOW(1.0): Cross-sector indicators,PNG: Papua New Guinea,DM_POP_TOT: Total population,_T: Total,1987,3600.343,3: Thousands,PS: Persons,E: Estimated value,,,,,,"Data from 236 countries/areas with population more than 1K from WPP2022, countries/areas less than 1K population is not shown but calculated when aggregated.","United Nations, Department of Economic and Social Affairs, Population Division (2022). World Population Prospects 2022, Online Edition.",https://population.un.org/wpp/,,,,,_T: Total
UNICEF:GLOBAL_DATAFLOW(1.0): Cross-sector indicators,PNG: Papua New Guinea,DM_POP_TOT: Total population,_T: Total,1988,3679.651,3: Thousands,PS: Persons,E: Estimated value,,,,,,"Data from 236 countries/areas with population more than 1K from WPP2022, countries/areas less than 1K population is not shown but calculated when aggregated.","United Nations, Department of Economic and Social Affairs, Population Division (2022). World Population Prospects 2022, Online Edition.",https://population.un.org/wpp/,,,,,_T: Total
UNICEF:GLOBAL_DATAFLOW(1.0): Cross-sector indicators,PNG: Papua New Guinea,DM_POP_TOT: Total population,_T: Total,1989,3764.112,3: Thousands,PS: Persons,E: Estimated value,,,,,,"Data from 236 countries/areas with population more than 1K from WPP2022, countries/areas less than 1K population is not shown but calculated when aggregated.","United Nations, Department of Economic and Social Affairs, Population Division (2022). World Population Prospects 2022, Online Edition.",https://population.un.org/wpp/,,,,,_T: Total
UNICEF:GLOBAL_DATAFLOW(1.0): Cross-sector indicators,PNG: Papua New Guinea,DM_POP_TOT: Total population,_T: Total,1990,3864.972,3: Thousands,PS: Persons,E: Estimated value,,,,,,"Data from 236 countries/areas with population more than 1K from WPP2022, countries/areas less than 1K population is not shown but calculated when aggregated.","United Nations, Department of Economic and Social Affairs, Population Division (2022). World Population Prospects 2022, Online Edition.",https://population.un.org/wpp/,,,,,_T: Total
UNICEF:GLOBAL_DATAFLOW(1.0): Cross-sector indicators,PNG: Papua New Guinea,DM_POP_TOT: Total population,_T: Total,1991,3990.995,3: Thousands,PS: Persons,E: Estimated value,,,,,,"Data from 236 countries/areas with population more than 1K from WPP2022, countries/areas less than 1K population is not shown but calculated when aggregated.","United Nations, Department of Economic and Social Affairs, Population Division (2022). World Population Prospects 2022, Online Edition.",https://population.un.org/wpp/,,,,,_T: Total
UNICEF:GLOBAL_DATAFLOW(1.0): Cross-sector indicators,PNG: Papua New Guinea,DM_POP_TOT: Total population,_T: Total,1992,4136.644,3: Thousands,PS: Persons,E: Estimated value,,,,,,"Data from 236 countries/areas with population more than 1K from WPP2022, countries/areas less than 1K population is not shown but calculated when aggregated.","United Nations, Department of Economic and Social Affairs, Population Division (2022). World Population Prospects 2022, Online Edition.",https://population.un.org/wpp/,,,,,_T: Total
UNICEF:GLOBAL_DATAFLOW(1.0): Cross-sector indicators,PNG: Papua New Guinea,DM_POP_TOT: Total population,_T: Total,1993,4291.588,3: Thousands,PS: Persons,E: Estimated value,,,,,,"Data from 236 countries/areas with population more than 1K from WPP2022, countries/areas less than 1K population is not shown but calculated when aggregated.","United Nations, Department of Economic and Social Affairs, Population Division (2022). World Population Prospects 2022, Online Edition.",https://population.un.org/wpp/,,,,,_T: Total
UNICEF:GLOBAL_DATAFLOW(1.0): Cross-sector indicators,PNG: Papua New Guinea,DM_POP_TOT: Total population,_T: Total,1994,4451.694,3: Thousands,PS: Persons,E: Estimated value,,,,,,"Data from 236 countries/areas with population more than 1K from WPP2022, countries/areas less than 1K population is not shown but calculated when aggregated.","United Nations, Department of Economic and Social Affairs, Population Division (2022). World Population Prospects 2022, Online Edition.",https://population.un.org/wpp/,,,,,_T: Total
UNICEF:GLOBAL_DATAFLOW(1.0): Cross-sector indicators,PNG: Papua New Guinea,DM_POP_TOT: Total population,_T: Total,1995,4616.439,3: Thousands,PS: Persons,E: Estimated value,,,,,,"Data from 236 countries/areas with population more than 1K from WPP2022, countries/areas less than 1K population is not shown but calculated when aggregated.","United Nations, Department of Economic and Social Affairs, Population Division (2022). World Population Prospects 2022, Online Edition.",https://population.un.org/wpp/,,,,,_T: Total
UNICEF:GLOBAL_DATAFLOW(1.0): Cross-sector indicators,PNG: Papua New Guinea,DM_POP_TOT: Total population,_T: Total,1996,4785.895,3: Thousands,PS: Persons,E: Estimated value,,,,,,"Data from 236 countries/areas with population more than 1K from WPP2022, countries/areas less than 1K population is not shown but calculated when aggregated.","United Nations, Department of Economic and Social Affairs, Population Division (2022). World Population Prospects 2022, Online Edition.",https://population.un.org/wpp/,,,,,_T: Total
UNICEF:GLOBAL_DATAFLOW(1.0): Cross-sector indicators,PNG: Papua New Guinea,DM_POP_TOT: Total population,_T: Total,1997,4960.439,3: Thousands,PS: Persons,E: Estimated value,,,,,,"Data from 236 countries/areas with population more than 1K from WPP2022, countries/areas less than 1K population is not shown but calculated when aggregated.","United Nations, Department of Economic and Social Affairs, Population Division (2022). World Population Prospects 2022, Online Edition.",https://population.un.org/wpp/,,,,,_T: Total
UNICEF:GLOBAL_DATAFLOW(1.0): Cross-sector indicators,PNG: Papua New Guinea,DM_POP_TOT: Total population,_T: Total,1998,5138.829,3: Thousands,PS: Persons,E: Estimated value,,,,,,"Data from 236 countries/areas with population more than 1K from WPP2022, countries/areas less than 1K population is not shown but calculated when aggregated.","United Nations, Department of Economic and Social Affairs, Population Division (2022). World Population Prospects 2022, Online Edition.",https://population.un.org/wpp/,,,,,_T: Total
UNICEF:GLOBAL_DATAFLOW(1.0): Cross-sector indicators,PNG: Papua New Guinea,DM_POP_TOT: Total population,_T: Total,1999,5321.388,3: Thousands,PS: Persons,E: Estimated value,,,,,,"Data from 236 countries/areas with population more than 1K from WPP2022, countries/areas less than 1K population is not shown but calculated when aggregated.","United Nations, Department of Economic and Social Affairs, Population Division (2022). World Population Prospects 2022, Online Edition.",https://population.un.org/wpp/,,,,,_T: Total
UNICEF:GLOBAL_DATAFLOW(1.0): Cross-sector indicators,PNG: Papua New Guinea,DM_POP_TOT: Total population,_T: Total,2000,5508.297,3: Thousands,PS: Persons,E: Estimated value,,,,,,"Data from 236 countries/areas with population more than 1K from WPP2022, countries/areas less than 1K population is not shown but calculated when aggregated.","United Nations, Department of Economic and Social Affairs, Population Division (2022). World Population Prospects 2022, Online Edition.",https://population.un.org/wpp/,,,,,_T: Total
UNICEF:GLOBAL_DATAFLOW(1.0): Cross-sector indicators,PNG: Papua New Guinea,DM_POP_TOT: Total population,_T: Total,2001,5698.489,3: Thousands,PS: Persons,E: Estimated value,,,,,,"Data from 236 countries/areas with population more than 1K from WPP2022, countries/areas less than 1K population is not shown but calculated when aggregated.","United Nations, Department of Economic and Social Affairs, Population Division (2022). World Population Prospects 2022, Online Edition.",https://population.un.org/wpp/,,,,,_T: Total
UNICEF:GLOBAL_DATAFLOW(1.0): Cross-sector indicators,PNG: Papua New Guinea,DM_POP_TOT: Total population,_T: Total,2002,5892.596,3: Thousands,PS: Persons,E: Estimated value,,,,,,"Data from 236 countries/areas with population more than 1K from WPP2022, countries/areas less than 1K population is not shown but calculated when aggregated.","United Nations, Department of Economic and Social Affairs, Population Division (2022). World Population Prospects 2022, Online Edition.",https://population.un.org/wpp/,,,,,_T: Total
UNICEF:GLOBAL_DATAFLOW(1.0): Cross-sector indicators,PNG: Papua New Guinea,DM_POP_TOT: Total population,_T: Total,2003,6090.98,3: Thousands,PS: Persons,E: Estimated value,,,,,,"Data from 236 countries/areas with population more than 1K from WPP2022, countries/areas less than 1K population is not shown but calculated when aggregated.","United Nations, Department of Economic and Social Affairs, Population Division (2022). World Population Prospects 2022, Online Edition.",https://population.un.org/wpp/,,,,,_T: Total
UNICEF:GLOBAL_DATAFLOW(1.0): Cross-sector indicators,PNG: Papua New Guinea,DM_POP_TOT: Total population,_T: Total,2004,6293.166,3: Thousands,PS: Persons,E: Estimated value,,,,,,"Data from 236 countries/areas with population more than 1K from WPP2022, countries/areas less than 1K population is not shown but calculated when aggregated.","United Nations, Department of Economic and Social Affairs, Population Division (2022). World Population Prospects 2022, Online Edition.",https://population.un.org/wpp/,,,,,_T: Total
UNICEF:GLOBAL_DATAFLOW(1.0): Cross-sector indicators,PNG: Papua New Guinea,DM_POP_TOT: Total population,_T: Total,2005,6498.818,3: Thousands,PS: Persons,E: Estimated value,,,,,,"Data from 236 countries/areas with population more than 1K from WPP2022, countries/areas less than 1K population is not shown but calculated when aggregated.","United Nations, Department of Economic and Social Affairs, Population Division (2022). World Population Prospects 2022, Online Edition.",https://population.un.org/wpp/,,,,,_T: Total
UNICEF:GLOBAL_DATAFLOW(1.0): Cross-sector indicators,PNG: Papua New Guinea,DM_POP_TOT: Total population,_T: Total,2006,6708.217,3: Thousands,PS: Persons,E: Estimated value,,,,,,"Data from 236 countries/areas with population more than 1K from WPP2022, countries/areas less than 1K population is not shown but calculated when aggregated.","United Nations, Department of Economic and Social Affairs, Population Division (2022). World Population Prospects 2022, Online Edition.",https://population.un.org/wpp/,,,,,_T: Total
UNICEF:GLOBAL_DATAFLOW(1.0): Cross-sector indicators,PNG: Papua New Guinea,DM_POP_TOT: Total population,_T: Total,2007,6921.066,3: Thousands,PS: Persons,E: Estimated value,,,,,,"Data from 236 countries/areas with population more than 1K from WPP2022, countries/areas less than 1K population is not shown but calculated when aggregated.","United Nations, Department of Economic and Social Affairs, Population Division (2022). World Population Prospects 2022, Online Edition.",https://population.un.org/wpp/,,,,,_T: Total
UNICEF:GLOBAL_DATAFLOW(1.0): Cross-sector indicators,PNG: Papua New Guinea,DM_POP_TOT: Total population,_T: Total,2008,7137.988,3: Thousands,PS: Persons,E: Estimated value,,,,,,"Data from 236 countries/areas with population more than 1K from WPP2022, countries/areas less than 1K population is not shown but calculated when aggregated.","United Nations, Department of Economic and Social Affairs, Population Division (2022). World Population Prospects 2022, Online Edition.",https://population.un.org/wpp/,,,,,_T: Total
UNICEF:GLOBAL_DATAFLOW(1.0): Cross-sector indicators,PNG: Papua New Guinea,DM_POP_TOT: Total population,_T: Total,2009,7358.89,3: Thousands,PS: Persons,E: Estimated value,,,,,,"Data from 236 countries/areas with population more than 1K from WPP2022, countries/areas less than 1K population is not shown but calculated when aggregated.","United Nations, Department of Economic and Social Affairs, Population Division (2022). World Population Prospects 2022, Online Edition.",https://population.un.org/wpp/,,,,,_T: Total
UNICEF:GLOBAL_DATAFLOW(1.0): Cross-sector indicators,PNG: Papua New Guinea,DM_POP_TOT: Total population,_T: Total,2010,7583.269,3: Thousands,PS: Persons,E: Estimated value,,,,,,"Data from 236 countries/areas with population more than 1K from WPP2022, countries/areas less than 1K population is not shown but calculated when aggregated.","United Nations, Department of Economic and Social Affairs, Population Division (2022). World Population Prospects 2022, Online Edition.",https://population.un.org/wpp/,,,,,_T: Total
UNICEF:GLOBAL_DATAFLOW(1.0): Cross-sector indicators,PNG: Papua New Guinea,DM_POP_TOT: Total population,_T: Total,2011,7806.637,3: Thousands,PS: Persons,E: Estimated value,,,,,,"Data from 236 countries/areas with population more than 1K from WPP2022, countries/areas less than 1K population is not shown but calculated when aggregated.","United Nations, Department of Economic and Social Affairs, Population Division (2022). World Population Prospects 2022, Online Edition.",https://population.un.org/wpp/,,,,,_T: Total
UNICEF:GLOBAL_DATAFLOW(1.0): Cross-sector indicators,PNG: Papua New Guinea,DM_POP_TOT: Total population,_T: Total,2012,8026.545,3: Thousands,PS: Persons,E: Estimated value,,,,,,"Data from 236 countries/areas with population more than 1K from WPP2022, countries/areas less than 1K population is not shown but calculated when aggregated.","United Nations, Department of Economic and Social Affairs, Population Division (2022). World Population Prospects 2022, Online Edition.",https://population.un.org/wpp/,,,,,_T: Total
UNICEF:GLOBAL_DATAFLOW(1.0): Cross-sector indicators,PNG: Papua New Guinea,DM_POP_TOT: Total population,_T: Total,2013,8245.627,3: Thousands,PS: Persons,E: Estimated value,,,,,,"Data from 236 countries/areas with population more than 1K from WPP2022, countries/areas less than 1K population is not shown but calculated when aggregated.","United Nations, Department of Economic and Social Affairs, Population Division (2022). World Population Prospects 2022, Online Edition.",https://population.un.org/wpp/,,,,,_T: Total
UNICEF:GLOBAL_DATAFLOW(1.0): Cross-sector indicators,PNG: Papua New Guinea,DM_POP_TOT: Total population,_T: Total,2014,8464.153,3: Thousands,PS: Persons,E: Estimated value,,,,,,"Data from 236 countries/areas with population more than 1K from WPP2022, countries/areas less than 1K population is not shown but calculated when aggregated.","United Nations, Department of Economic and Social Affairs, Population Division (2022). World Population Prospects 2022, Online Edition.",https://population.un.org/wpp/,,,,,_T: Total
UNICEF:GLOBAL_DATAFLOW(1.0): Cross-sector indicators,PNG: Papua New Guinea,DM_POP_TOT: Total population,_T: Total,2015,8682.174,3: Thousands,PS: Persons,E: Estimated value,,,,,,"Data from 236 countries/areas with population more than 1K from WPP2022, countries/areas less than 1K population is not shown but calculated when aggregated.","United Nations, Department of Economic and Social Affairs, Population Division (2022). World Population Prospects 2022, Online Edition.",https://population.un.org/wpp/,,,,,_T: Total
UNICEF:GLOBAL_DATAFLOW(1.0): Cross-sector indicators,PNG: Papua New Guinea,DM_POP_TOT: Total population,_T: Total,2016,8899.169,3: Thousands,PS: Persons,E: Estimated value,,,,,,"Data from 236 countries/areas with population more than 1K from WPP2022, countries/areas less than 1K population is not shown but calculated when aggregated.","United Nations, Department of Economic and Social Affairs, Population Division (2022). World Population Prospects 2022, Online Edition.",https://population.un.org/wpp/,,,,,_T: Total
UNICEF:GLOBAL_DATAFLOW(1.0): Cross-sector indicators,PNG: Papua New Guinea,DM_POP_TOT: Total population,_T: Total,2017,9114.796,3: Thousands,PS: Persons,E: Estimated value,,,,,,"Data from 236 countries/areas with population more than 1K from WPP2022, countries/areas less than 1K population is not shown but calculated when aggregated.","United Nations, Department of Economic and Social Affairs, Population Division (2022). World Population Prospects 2022, Online Edition.",https://population.un.org/wpp/,,,,,_T: Total
UNICEF:GLOBAL_DATAFLOW(1.0): Cross-sector indicators,PNG: Papua New Guinea,DM_POP_TOT: Total population,_T: Total,2018,9329.227,3: Thousands,PS: Persons,E: Estimated value,,,,,,"Data from 236 countries/areas with population more than 1K from WPP2022, countries/areas less than 1K population is not shown but calculated when aggregated.","United Nations, Department of Economic and Social Affairs, Population Division (2022). World Population Prospects 2022, Online Edition.",https://population.un.org/wpp/,,,,,_T: Total
UNICEF:GLOBAL_DATAFLOW(1.0): Cross-sector indicators,PNG: Papua New Guinea,DM_POP_TOT: Total population,_T: Total,2019,9542.486,3: Thousands,PS: Persons,E: Estimated value,,,,,,"Data from 236 countries/areas with population more than 1K from WPP2022, countries/areas less than 1K population is not shown but calculated when aggregated.","United Nations, Department of Economic and Social Affairs, Population Division (2022). World Population Prospects 2022, Online Edition.",https://population.un.org/wpp/,,,,,_T: Total
UNICEF:GLOBAL_DATAFLOW(1.0): Cross-sector indicators,PNG: Papua New Guinea,DM_POP_TOT: Total population,_T: Total,2020,9749.64,3: Thousands,PS: Persons,E: Estimated value,,,,,,"Data from 236 countries/areas with population more than 1K from WPP2022, countries/areas less than 1K population is not shown but calculated when aggregated.","United Nations, Department of Economic and Social Affairs, Population Division (2022). World Population Prospects 2022, Online Edition.",https://population.un.org/wpp/,,,,,_T: Total
UNICEF:GLOBAL_DATAFLOW(1.0): Cross-sector indicators,PNG: Papua New Guinea,DM_POP_TOT: Total population,_T: Total,2021,9949.437,3: Thousands,PS: Persons,E: Estimated value,,,,,,"Data from 236 countries/areas with population more than 1K from WPP2022, countries/areas less than 1K population is not shown but calculated when aggregated.","United Nations, Department of Economic and Social Affairs, Population Division (2022). World Population Prospects 2022, Online Edition.",https://population.un.org/wpp/,,,,,_T: Total
UNICEF:GLOBAL_DATAFLOW(1.0): Cross-sector indicators,PNG: Papua New Guinea,DM_POP_TOT: Total population,_T: Total,2022,10142.619,3: Thousands,PS: Persons,F: Forecast value,,,,,,"Data from 236 countries/areas with population more than 1K from WPP2022, countries/areas less than 1K population is not shown but calculated when aggregated.","United Nations, Department of Economic and Social Affairs, Population Division (2022). World Population Prospects 2022, Online Edition.",https://population.un.org/wpp/,,,,,_T: Total
UNICEF:GLOBAL_DATAFLOW(1.0): Cross-sector indicators,PNG: Papua New Guinea,DM_POP_TOT: Total population,_T: Total,2023,10329.931,3: Thousands,PS: Persons,F: Forecast value,,,,,,"Data from 236 countries/areas with population more than 1K from WPP2022, countries/areas less than 1K population is not shown but calculated when aggregated.","United Nations, Department of Economic and Social Affairs, Population Division (2022). World Population Prospects 2022, Online Edition.",https://population.un.org/wpp/,,,,,_T: Total
